<?xml version="1.0" encoding="UTF-8"?>
<beans xmlns="http://www.springframework.org/schema/beans"
 xmlns:xsi="http://www.w3.org/2001/XMLSchema-instance"
 xmlns:context="http://www.springframework.org/schema/context"
 xmlns:p="http://www.springframework.org/schema/p"
 xsi:schemaLocation="http://www.springframework.org/schema/beans
 http://www.springframework.org/schema/beans/spring-beans.xsd
 http://www.springframework.org/schema/context
 http://www.springframework.org/schema/context/spring-context.xsd">
 
 <context:annotation-config/>
 <bean class="org.springframework.context.support.ResourceBundleMessageSource" id="messageSource">
 <property name="defaultEncoding" value="UTF-8" />
 <property name="basenames">
      <list>
   <value>messages</value>
      </list>
    </property>
 </bean>
 
 </beans>